Workbook

Sheet 1.케이스별_배분
A1: 케이스별 절세계좌 배분표 (단위: 만원/년)
A2: 기준일: 2026-08-10 | 파란 글씨=입력값, 검정 글씨=수식 | 결정세액은 1인가구·표준공제 가정 추정치
A4: 번호 | B4: 케이스명 | C4: 나이 | D4: 소득 유형 | E4: 소득 (만원) | F4: 연간 여력 | G4: 자금 사용계획 | H4: 공제율 | I4: 연금저축 | J4: IRP | K4: ISA | L4: 기타 계좌 | M4: 기타 계좌 종류 | N4: 배분 합계 | O4: 세액공제 대상액 | P4: 예상 환급액 | Q4: 결정세액 (추정) | R4: 공제 제약 | S4: 핵심 판단근거
A5: 1 | B5: 사회초년생 표준형 | C5: 30 | D5: 근로 | E5: 4000 | F5: 2000 | G5: 없음 | H5: 0.165 | I5: 600 | J5: 300 | K5: 1100 | L5: 0 | M5: - | N5: =I5+J5+K5+L5 -> 2000 | O5: =MIN(MIN(I5,600)+J5,900) -> 900 | P5: =ROUND(O5*H5,1) -> 148.5 | Q5: 179 | R5: =IF(P5=0,"해당없음",IF(P5>Q5,"제약 있음","여유")) -> 여유 | S5: 16.5% 구간 + 55세까지 25년. 락업비용 실질 0. 900만 풀 공제가 교과서적 최적.
A6: 2 | B6: 초단기 목돈 (2년) | C6: 35 | D6: 근로 | E6: 6000 | F6: 3000 | G6: 2년 내 자가 | H6: 0.132 | I6: 300 | J6: 0 | K6: 0 | L6: 2700 | M6: 예금·단기채 | N6: =I6+J6+K6+L6 -> 3000 | O6: =MIN(MIN(I6,600)+J6,900) -> 300 | P6: =ROUND(O6*H6,1) -> 39.6 | Q6: 459 | R6: =IF(P6=0,"해당없음",IF(P6>Q6,"제약 있음","여유")) -> 여유 | S6: 2년 < ISA 의무 3년. 13.2% 공제 후 16.5% 기타소득세면 순손실. 원금보존이 정답.
A7: 3 | B7: 은퇴 임박 러시 | C7: 45 | D7: 근로 | E7: 6000 | F7: 3000 | G7: 5년 내 은퇴 | H7: 0.132 | I7: 1500 | J7: 300 | K7: 1200 | L7: 0 | M7: - | N7: =I7+J7+K7+L7 -> 3000 | O7: =MIN(MIN(I7,600)+J7,900) -> 900 | P7: =ROUND(O7*H7,1) -> 118.8 | Q7: 459 | R7: =IF(P7=0,"해당없음",IF(P7>Q7,"제약 있음","여유")) -> 여유 | S7: 퇴직하면 공제 자체가 소멸. 재직 5년이 마지막 기회. 55세까지 10년이라 락업비용 최소.
A8: 4 | B8: 결정세액 부족 | C8: 28 | D8: 근로 | E8: 2500 | F8: 1000 | G8: 없음 | H8: 0.165 | I8: 200 | J8: 0 | K8: 800 | L8: 0 | M8: 청년도약계좌 우선 | N8: =I8+J8+K8+L8 -> 1000 | O8: =MIN(MIN(I8,600)+J8,900) -> 200 | P8: =ROUND(O8*H8,1) -> 33 | Q8: 37 | R8: =IF(P8=0,"해당없음",IF(P8>Q8,"제약 있음","여유")) -> 여유 | S8: 결정세액 37만이 공제 상한. 900만 넣어도 환급은 37만이 최대. 실효한도까지만 납입.
A9: 5 | B9: 이미 사적연금 수령 중 | C9: 60 | D9: 근로 | E9: 10000 | F9: 5000 | G9: 없음 | H9: 0.132 | I9: 0 | J9: 0 | K9: 2000 | L9: 3000 | M9: 일반계좌 | N9: =I9+J9+K9+L9 -> 5000 | O9: =MIN(MIN(I9,600)+J9,900) -> 0 | P9: =ROUND(O9*H9,1) -> 0 | Q9: 1323 | R9: =IF(P9=0,"해당없음",IF(P9>Q9,"제약 있음","여유")) -> 해당없음 | S9: 사적연금 1,200만 수령 중 → 1,500만 한도 여유 300만뿐. 초과분 16.5%로 세율 역전.
A10: 6 | B10: ISA 가입 불가 | C10: 45 | D10: 근로 | E10: 8000 | F10: 4000 | G10: 없음 | H10: 0.132 | I10: 1500 | J10: 300 | K10: 0 | L10: 2200 | M10: 일반계좌 | N10: =I10+J10+K10+L10 -> 4000 | O10: =MIN(MIN(I10,600)+J10,900) -> 900 | P10: =ROUND(O10*H10,1) -> 118.8 | Q10: 832 | R10: =IF(P10=0,"해당없음",IF(P10>Q10,"제약 있음","여유")) -> 여유 | S10: 금융소득 2,500만으로 ISA 개설 불가. 연금계좌가 유일 통로 → 1,800만 풀 납입.
A11: 7 | B11: 소득 없는 배우자 | C11: 35 | D11: 무소득 | E11: 0 | F11: 1500 | G11: 없음 | H11: 0 | I11: 0 | J11: 0 | K11: 1500 | L11: 0 | M11: - | N11: =I11+J11+K11+L11 -> 1500 | O11: =MIN(MIN(I11,600)+J11,900) -> 0 | P11: =ROUND(O11*H11,1) -> 0 | Q11: 0 | R11: =IF(P11=0,"해당없음",IF(P11>Q11,"제약 있음","여유")) -> 해당없음 | S11: IRP는 소득요건으로 가입 불가. 결정세액 0이라 연금저축 공제도 0. ISA만 유효.
A12: 8 | B12: 프리랜서·자영업 | C12: 38 | D12: 사업 | E12: 8000 | F12: 3000 | G12: 없음 | H12: 0.132 | I12: 600 | J12: 300 | K12: 1700 | L12: 400 | M12: 노란우산공제 | N12: =I12+J12+K12+L12 -> 3000 | O12: =MIN(MIN(I12,600)+J12,900) -> 900 | P12: =ROUND(O12*H12,1) -> 118.8 | Q12: 1000 | R12: =IF(P12=0,"해당없음",IF(P12>Q12,"제약 있음","여유")) -> 여유 | S12: 노란우산(소득공제)과 연금계좌(세액공제)는 항목이 달라 중복 적용. 트랙이 하나 더 있음.
A13: 9 | B13: 무주택 청약 대기 | C13: 32 | D13: 근로 | E13: 5000 | F13: 1500 | G13: 청약 당첨 시 | H13: 0.165 | I13: 600 | J13: 0 | K13: 600 | L13: 300 | M13: 주택청약종합저축 | N13: =I13+J13+K13+L13 -> 1500 | O13: =MIN(MIN(I13,600)+J13,900) -> 600 | P13: =ROUND(O13*H13,1) -> 99 | Q13: 316 | R13: =IF(P13=0,"해당없음",IF(P13>Q13,"제약 있음","여유")) -> 여유 | S13: 청약저축 소득공제가 별도 트랙. 당첨 시 계약금 필요하므로 IRP보다 ISA 유동성 우선.
A14: 10 | B14: 해외주식 직접투자 | C14: 33 | D14: 근로 | E14: 7000 | F14: 3000 | G14: 없음 | H14: 0.132 | I14: 600 | J14: 300 | K14: 1000 | L14: 1100 | M14: 해외주식 일반계좌 | N14: =I14+J14+K14+L14 -> 3000 | O14: =MIN(MIN(I14,600)+J14,900) -> 900 | P14: =ROUND(O14*H14,1) -> 118.8 | Q14: 601 | R14: =IF(P14=0,"해당없음",IF(P14>Q14,"제약 있음","여유")) -> 여유 | S14: 절세계좌 3종 모두 해외 상장 직접매수 불가. 자산 종류별로 계좌를 나눠 배치.
A15: 11 | B15: 미성년 자녀 명의 | C15: 10 | D15: 무소득 | E15: 0 | F15: 2000 | G15: 장기 | H15: 0 | I15: 0 | J15: 0 | K15: 0 | L15: 2000 | M15: 일반계좌 + 증여신고 | N15: =I15+J15+K15+L15 -> 2000 | O15: =MIN(MIN(I15,600)+J15,900) -> 0 | P15: =ROUND(O15*H15,1) -> 0 | Q15: 0 | R15: =IF(P15=0,"해당없음",IF(P15>Q15,"제약 있음","여유")) -> 해당없음 | S15: ISA는 19세 이상. 연금저축은 가입되나 45년 락업에 공제 0. 절세계좌를 쓰면 안 되는 케이스.
A16: 12 | B16: 공제율 경계선 | C16: 34 | D16: 근로 | E16: 5400 | F16: 2000 | G16: 없음 | H16: 0.165 | I16: 600 | J16: 300 | K16: 1100 | L16: 0 | M16: - | N16: =I16+J16+K16+L16 -> 2000 | O16: =MIN(MIN(I16,600)+J16,900) -> 900 | P16: =ROUND(O16*H16,1) -> 148.5 | Q16: 373 | R16: =IF(P16=0,"해당없음",IF(P16>Q16,"제약 있음","여유")) -> 여유 | S16: 5,500만 경계는 절벽. 성과급으로 넘나들면 환급이 148.5↔118.8만으로 요동. 전환특례로 방어.
... A18: 14 | B18: 퇴직금 수령 예정 | C18: 55 | D18: 근로 | E18: 8000 | F18: 3000 | G18: 퇴직 임박 | H18: 0.132 | I18: 600 | J18: 300 | K18: 2000 | L18: 100 | M18: 일반계좌 | N18: =I18+J18+K18+L18 -> 3000 | O18: =MIN(MIN(I18,600)+J18,900) -> 900 | P18: =ROUND(O18*H18,1) -> 118.8 | Q18: 832 | R18: =IF(P18=0,"해당없음",IF(P18>Q18,"제약 있음","여유")) -> 여유 | S18: 퇴직금 IRP 유입으로 1,500만 한도 압박. 안세공 대신 ISA로. 계좌 분리가 핵심.
A21: ■ 노란색 음영 = 결정세액이 0이거나 극히 낮아 세액공제가 작동하지 않는 케이스 (4·7·11·13)
A22: ■ 세액공제 대상액 = MIN( MIN(연금저축,600) + IRP, 900 ) — 연금저축 단독 600만, IRP 합산 900만 한도
A23: ■ 예상환급액은 결정세액 범위 내에서만 실현됨. '공제 제약 있음'이면 표시된 환급액을 다 받지 못함
A24: ■ 결정세액은 1인가구·부양가족 없음·표준적 4대보험 공제만 반영한 추정치. 부양가족·의료비·기부금이 있으면 더 낮아짐
A25: ■ 실제 납입 전 홈택스 '연말정산 미리보기'로 본인 결정세액을 반드시 확인할 것

Sheet 2.판단근거_상세
A1: 케이스별 판단근거 상세
A3: 번호 | B3: 케이스명 | C3: ① 왜 이 배분인가 | D3: ② 핵심 제약 / 분기점 | E3: ③ 실행 시 주의사항
A4: 1 | B4: 사회초년생 표준형 | C4: 총급여 4,000만 → 5,500만 이하이므로 공제율 16.5%. 55세까지 25년 남아 락업이 실질 비용이 아님. 결정세액 약 179만으로 900만 풀 납입 시 환급 148.5만을 전액 흡수 가능. | D4: 연봉인상률 5% 가정 시 37세경 5,500만을 넘어 13.2%로 하락. 16.5% 구간 7년이 생애 가장 값싼 공제 구간이므로 이 기간은 무조건 900만 풀 납입. | E4: ISA 1,100만은 3년 만기 후 연금계좌 전환 시 전환액의 10%(최대 300만) 추가 세액공제 재원으로 활용 가능.
A5: 2 | B5: 초단기 목돈 (2년) | C5: 두 가지가 동시에 탈락. ① 2년은 ISA 의무보유 3년보다 짧아 세제혜택을 못 받고 일반과세 15.4%가 적용됨. ② 13.2% 공제를 받고 중도해지 시 16.5% 기타소득세를 내면 3.3%p 순손실. | D5: 표의 연금저축 300만은 '주택자금과 완전히 분리된 노후 전용 자금'에 한한 값. 여력 3,000만 전액이 주택 잔금이라면 연금저축도 0으로 두는 것이 맞음. | E5: 지금 ISA를 소액(10만원)으로 개설만 해두면 3년 카운트가 시작되고, 2026년 내 개설분은 현행 ISA 체계가 적용됨.
A6: 3 | B6: 은퇴 임박 러시 | C6: 논리가 정반대로 뒤집히는 유일한 케이스. ① 50세 은퇴 시 55세까지 5년만 버티면 되어 락업비용이 거의 없음. ② 퇴직하면 소득이 없어 세액공제 자체가 불가능하므로 재직 중 5년이 마지막 기회. | D6: 연금저축 1,500만 = 공제분 600만 + 안세공 900만. 안세공 원금은 과세제외금액으로 최우선 인출되어 55세 전에도 무세금 인출이 가능하므로 50~55세 브리지 자금으로도 기능. | E6: 55~65세는 국민연금 개시 전 소득 공백기. 이때 인출하면 다른 소득이 없어 1,500만을 넘겨도 종합과세 실효세율이 매우 낮음.
A7: 4 | B7: 결정세액 부족 | C7: 총급여 2,500만의 결정세액은 지방세 포함 약 37만원. 세액공제는 낼 세금이 있어야 돌려받는 구조이므로 이 37만원이 절대 상한. 연금저축 약 220만원이면 세금이 0이 되고 그 이상은 환급이 0원. | D7: 900만 납입 시 환급 148.5만은 이 소득구간에서 물리적으로 불가능. 표의 200만은 안전 마진을 둔 값이며 실효한도는 약 220만. | E7: 청년도약계좌를 최우선 검토. 총급여 2,500만 구간은 정부기여금 매칭 비율이 가장 높은 구간이라 세액공제보다 수익률이 좋음.
A8: 5 | B8: 이미 사적연금 수령 중 | C8: '월 100만원'이 사적연금(연금저축·IRP)이면 연 1,200만 수령 중이므로 1,500만 한도 여유가 300만뿐. 초과분은 16.5% 분리과세 또는 종합과세 → 13.2% 공제받고 16.5%를 내는 세율 역전 발생. | D8: 만약 같은 월 100만원이 국민연금이라면 답이 완전히 뒤집힘. 1,500만 한도는 사적연금만 계산하므로 여유가 통째로 남아 있고, 60세는 락업도 없어 연금저축 600 + IRP 300 풀 납입이 정답. | E8: 총급여 1억 직장가입자는 보수외소득 연 2,000만 초과 시 건보료가 추가 부과되므로 ISA 2,000만은 어느 경우든 채우는 것이 맞음.
A9: 6 | B9: ISA 가입 불가 | C9: 직전 3개 과세기간 중 1회라도 금융소득종합과세 대상(금융소득 연 2,000만 초과)이면 ISA 개설 자체가 불가. 고배당 포트폴리오 보유자가 자주 걸림. | D9: ISA가 막히면 연금계좌가 유일한 절세 통로이므로 예외적으로 1,800만 풀 납입이 정당화됨. 공제분 900만 + 안세공 900만 구조. | E9: 동시에 포트폴리오를 배당 중심에서 성장주·국내주식형으로 옮겨 금융소득을 2,000만 아래로 낮추면 3년 뒤 ISA 자격이 복원됨.
A10: 7 | B10: 소득 없는 배우자 | C10: IRP는 소득이 있는 취업자만 가입 가능하여 전업주부는 계좌 개설 자체가 불가. 연금저축은 나이·소득 제한이 없어 가입은 되지만 결정세액이 0이라 세액공제가 0원. | D10: ISA는 19세 이상 거주자면 소득 요건 없이 가입 가능하므로 유일하게 작동하는 절세계좌. | E10: 부부 전략: ISA는 개인별 한도이므로 부부가 각각 개설하면 연 4,000만·총 2억을 활용 가능. 외벌이 가구는 배우자 ISA를 반드시 개설할 것.
A11: 8 | B11: 프리랜서·자영업 | C11: 노란우산공제는 소득공제, 연금계좌는 세액공제로 항목이 분리되어 있어 중복 적용이 가능. 직장인에게 없는 절세 트랙이 하나 더 있는 셈. | D11: 사업소득 8,000만은 노란우산 소득공제 한도가 400만원 구간(4,000만 초과~1억 이하). 4,000만 이하면 600만, 1억 초과면 200만으로 달라짐. | E11: 2026년 1월 1일 납입분부터 50개월 추가납입 한도가 폐지되어 사업을 유지하는 한 매년 한도를 반복 활용 가능. 연간 납입한도도 1,200만 → 1,800만으로 확대.
A12: 9 | B12: 무주택 청약 대기 | C12: 주택청약종합저축은 2026년부터 한도 300만원, 납입액의 40%(최대 120만원) 소득공제. 무주택 세대주·총급여 7,000만 이하 요건. | D12: 소득공제 120만원의 절세효과는 과세표준 5,000만 구간에서 약 29만원으로 연금저축 300만(49.5만)보다 작지만, 청약 자격이라는 비금전적 가치가 붙어 우선 배정이 합리적. | E12: IRP 0은 조건부. 청약 당첨이 5년 이상 남았다고 판단되면 ISA를 300만 줄이고 IRP 300만을 추가하는 편이 환급 49.5만만큼 유리함.
A13: 10 | B13: 해외주식 직접투자 | C13: ISA·연금저축·IRP 세 계좌 모두 해외 상장 종목의 직접 매수가 불가능. 절세계좌를 포기할 이유는 없고 자산 종류별로 계좌를 나눠 배치하는 것이 정답. | D13: 배치 원칙: 연금·ISA에는 국내상장 해외지수 ETF·채권·리츠(배당소득세 15.4% 대상)를, 일반 해외주식계좌에는 개별주 직접투자(양도세 22%, 연 250만 기본공제)를 담음. | E13: 해외계좌는 매년 12월에 평가익 250만원어치를 익절 후 재매수하면 기본공제를 소진하며 취득가액을 높일 수 있음. 안 쓰면 소멸하는 공제.
A14: 11 | B14: 미성년 자녀 명의 | C14: ISA는 19세 이상(15~19세는 근로소득 있을 때)이라 미성년자 불가. 연금저축은 나이 제한이 없어 가입은 되지만 10세 가입 시 55세까지 45년 락업인데 세액공제는 0원. | D14: 락업만 지불하고 혜택은 없는 구조이므로 절세계좌를 쓰면 안 되는 케이스. 일반 위탁계좌가 정답. | E14: 미성년 자녀는 10년간 2,000만원까지 증여세 없음. 증여신고를 해두면 이후 운용수익 전체가 자녀 고유재산으로 인정되어 향후 자금출처 문제가 사라짐. 신고하지 않으면 부모 재산으로 간주될 수 있음.
A15: 12 | B15: 공제율 경계선 | C15: 총급여 5,500만은 연속이 아니라 절벽. 5,499만이면 16.5%, 5,501만이면 13.2%로 900만 기준 환급액이 148.5만 ↔ 118.8만, 약 30만원 차이가 남. | D15: 성과급으로 경계를 넘나드는 경우 납입연도 전환특례를 활용. 특정 연도에 공제받지 못한 납입액을 다음 해 납입분으로 이월 신청할 수 있음. | E15: 증권사에 '연금납입확인서' 재발급을 요청하면 처리 가능. 경계를 넘겼다고 납입 자체를 줄일 이유는 없으며, 13.2%도 여전히 유리함.
... A17: 14 | B17: 퇴직금 수령 예정 | C17: 퇴직금을 IRP로 받아 연금으로 수령하면 퇴직소득세를 10년 이내 30%, 10년 초과 40% 감면. 일시금으로 수령하면 이 감면이 전부 소멸. | D17: 가장 중요한 실무 포인트: 퇴직금 재원과 자기부담금을 같은 IRP에 섞으면 부분 인출이 불가능해짐. IRP는 법정사유 외 전액 해지만 되므로 자기부담금 300만을 빼려다 퇴직금 전체가 딸려 나오며 감면이 소멸. | E17: 퇴직금 수령용 IRP와 세액공제용 IRP를 반드시 별도 계좌로 분리할 것. IRP 계좌 개수 제한은 없음. 퇴직금 유입으로 1,500만 한도가 압박받으므로 안세공 대신 ISA를 채움.

Sheet 3.제도_기준값
A1: 적용 제도 기준값 (2026년 기준)
A2: 아래 값은 배분표 계산의 근거. 세법 개정 시 이 시트만 갱신하면 전체 재검토 가능.
A4: 구분 | B4: 항목 | C4: 값 | D4: 비고 | E4: 근거
A5: 연금저축 | B5: 연간 납입한도 | C5: 1,800만원 | D5: IRP와 합산 | E5: 소득세법
A6: 연금저축 | B6: 세액공제 한도 | C6: 600만원 | D6: 단독 기준 | E6: 소득세법 §59-3
A7: 연금저축 | B7: 가입 자격 | C7: 제한 없음 | D7: 나이·소득 무관 | E7: -
A8: 연금저축 | B8: 투자 제한 | C8: 펀드·ETF만 | D8: 개별주식·레버리지 불가 | E8: -
A9: 연금저축 | B9: 안세공 원금 인출 | C9: 자유·무과세 | D9: 과세제외금액 최우선 인출 | E9: 소득세법 시행령
A10: IRP | B10: 세액공제 한도 | C10: 900만원 | D10: 연금저축 포함 합산 | E10: 소득세법 §59-3
A11: IRP | B11: 가입 자격 | C11: 소득 있는 자 | D11: 무소득자 가입 불가 | E11: 근로자퇴직급여보장법
A12: IRP | B12: 위험자산 한도 | C12: 70% | D12: 나머지 30% 안전자산 | E12: 근퇴법 시행규칙
A13: IRP | B13: 중도인출 | C13: 법정사유만 | D13: 부분인출 원칙 불가 | E13: 근퇴법 §24
A14: IRP | B14: 퇴직소득세 감면 | C14: 30% / 40% | D14: 연금수령 10년 이내 / 초과 | E14: 소득세법
A15: 공통 | B15: 공제율 (총급여 5,500만 이하) | C15: 16.5% | D15: 종합소득 4,500만 이하 | E15: 지방소득세 포함
... A36: 증여 | B36: 미성년 자녀 공제 | C36: 2,000만원 | D36: 10년 합산 기준 (성년 5,000만원) | E36: 상속세및증여세법
A39: ⚠ 2027년부터 ISA 제도가 개편될 예정입니다(2026.8.3 세제개편안, 국회 심의 전 정부안). 생산적금융 ISA 신설(총 2억·최대 10년·이자배당 전액 비과세)과 함께 일반 ISA는 계약기간 5년 제한 및 한도 이월 폐지가 기존 가입분에도 소급 적용될 예정입니다. 확정 시 본 배분표의 ISA 관련 판단을 재검토해야 합니다.

Sheet 4.검증
A1: 자동 검증 시트
A2: 배분표의 모든 값이 법정 한도와 산술적 정합성을 만족하는지 수식으로 검증합니다.
A4: 번호 | B4: 케이스명 | C4: 배분합계 = 여력 | D4: 연금저축+IRP ≤ 1,800 | E4: 연금저축 ≤ 1,800 | F4: ISA ≤ 2,000 | G4: 세액공제 ≤ 900 | H4: 연금저축공제 ≤ 600 | I4: 종합 판정
A5: ='1.케이스별_배분'!A5 -> 1 | B5: ='1.케이스별_배분'!B5 -> 사회초년생 표준형 | C5: =IF('1.케이스별_배분'!N5='1.케이스별_배분'!F5,"OK","불일치") -> OK | D5: =IF('1.케이스별_배분'!I5+'1.케이스별_배분'!J5<=1800,"OK","한도초과") -> OK | E5: =IF('1.케이스별_배분'!I5<=1800,"OK","한도초과") -> OK | F5: =IF('1.케이스별_배분'!K5<=2000,"OK","한도초과") -> OK | G5: =IF('1.케이스별_배분'!O5<=900,"OK","한도초과") -> OK | H5: =IF(MIN('1.케이스별_배분'!I5,600)<=600,"OK","한도초과") -> OK | I5: =IF(COUNTIF(C5:H5,"OK")=6,"통과","검토 필요") -> 통과
A6: ='1.케이스별_배분'!A6 -> 2 | B6: ='1.케이스별_배분'!B6 -> 초단기 목돈 (2년) | C6: =IF('1.케이스별_배분'!N6='1.케이스별_배분'!F6,"OK","불일치") -> OK | D6: =IF('1.케이스별_배분'!I6+'1.케이스별_배분'!J6<=1800,"OK","한도초과") -> OK | E6: =IF('1.케이스별_배분'!I6<=1800,"OK","한도초과") -> OK | F6: =IF('1.케이스별_배분'!K6<=2000,"OK","한도초과") -> OK | G6: =IF('1.케이스별_배분'!O6<=900,"OK","한도초과") -> OK | H6: =IF(MIN('1.케이스별_배분'!I6,600)<=600,"OK","한도초과") -> OK | I6: =IF(COUNTIF(C6:H6,"OK")=6,"통과","검토 필요") -> 통과
A7: ='1.케이스별_배분'!A7 -> 3 | B7: ='1.케이스별_배분'!B7 -> 은퇴 임박 러시 | C7: =IF('1.케이스별_배분'!N7='1.케이스별_배분'!F7,"OK","불일치") -> OK | D7: =IF('1.케이스별_배분'!I7+'1.케이스별_배분'!J7<=1800,"OK","한도초과") -> OK | E7: =IF('1.케이스별_배분'!I7<=1800,"OK","한도초과") -> OK | F7: =IF('1.케이스별_배분'!K7<=2000,"OK","한도초과") -> OK | G7: =IF('1.케이스별_배분'!O7<=900,"OK","한도초과") -> OK | H7: =IF(MIN('1.케이스별_배분'!I7,600)<=600,"OK","한도초과") -> OK | I7: =IF(COUNTIF(C7:H7,"OK")=6,"통과","검토 필요") -> 통과
A8: ='1.케이스별_배분'!A8 -> 4 | B8: ='1.케이스별_배분'!B8 -> 결정세액 부족 | C8: =IF('1.케이스별_배분'!N8='1.케이스별_배분'!F8,"OK","불일치") -> OK | D8: =IF('1.케이스별_배분'!I8+'1.케이스별_배분'!J8<=1800,"OK","한도초과") -> OK | E8: =IF('1.케이스별_배분'!I8<=1800,"OK","한도초과") -> OK | F8: =IF('1.케이스별_배분'!K8<=2000,"OK","한도초과") -> OK | G8: =IF('1.케이스별_배분'!O8<=900,"OK","한도초과") -> OK | H8: =IF(MIN('1.케이스별_배분'!I8,600)<=600,"OK","한도초과") -> OK | I8: =IF(COUNTIF(C8:H8,"OK")=6,"통과","검토 필요") -> 통과
A9: ='1.케이스별_배분'!A9 -> 5 | B9: ='1.케이스별_배분'!B9 -> 이미 사적연금 수령 중 | C9: =IF('1.케이스별_배분'!N9='1.케이스별_배분'!F9,"OK","불일치") -> OK | D9: =IF('1.케이스별_배분'!I9+'1.케이스별_배분'!J9<=1800,"OK","한도초과") -> OK | E9: =IF('1.케이스별_배분'!I9<=1800,"OK","한도초과") -> OK | F9: =IF('1.케이스별_배분'!K9<=2000,"OK","한도초과") -> OK | G9: =IF('1.케이스별_배분'!O9<=900,"OK","한도초과") -> OK | H9: =IF(MIN('1.케이스별_배분'!I9,600)<=600,"OK","한도초과") -> OK | I9: =IF(COUNTIF(C9:H9,"OK")=6,"통과","검토 필요") -> 통과
A10: ='1.케이스별_배분'!A10 -> 6 | B10: ='1.케이스별_배분'!B10 -> ISA 가입 불가 | C10: =IF('1.케이스별_배분'!N10='1.케이스별_배분'!F10,"OK","불일치") -> OK | D10: =IF('1.케이스별_배분'!I10+'1.케이스별_배분'!J10<=1800,"OK","한도초과") -> OK | E10: =IF('1.케이스별_배분'!I10<=1800,"OK","한도초과") -> OK | F10: =IF('1.케이스별_배분'!K10<=2000,"OK","한도초과") -> OK | G10: =IF('1.케이스별_배분'!O10<=900,"OK","한도초과") -> OK | H10: =IF(MIN('1.케이스별_배분'!I10,600)<=600,"OK","한도초과") -> OK | I10: =IF(COUNTIF(C10:H10,"OK")=6,"통과","검토 필요") -> 통과
A11: ='1.케이스별_배분'!A11 -> 7 | B11: ='1.케이스별_배분'!B11 -> 소득 없는 배우자 | C11: =IF('1.케이스별_배분'!N11='1.케이스별_배분'!F11,"OK","불일치") -> OK | D11: =IF('1.케이스별_배분'!I11+'1.케이스별_배분'!J11<=1800,"OK","한도초과") -> OK | E11: =IF('1.케이스별_배분'!I11<=1800,"OK","한도초과") -> OK | F11: =IF('1.케이스별_배분'!K11<=2000,"OK","한도초과") -> OK | G11: =IF('1.케이스별_배분'!O11<=900,"OK","한도초과") -> OK | H11: =IF(MIN('1.케이스별_배분'!I11,600)<=600,"OK","한도초과") -> OK | I11: =IF(COUNTIF(C11:H11,"OK")=6,"통과","검토 필요") -> 통과
A12: ='1.케이스별_배분'!A12 -> 8 | B12: ='1.케이스별_배분'!B12 -> 프리랜서·자영업 | C12: =IF('1.케이스별_배분'!N12='1.케이스별_배분'!F12,"OK","불일치") -> OK | D12: =IF('1.케이스별_배분'!I12+'1.케이스별_배분'!J12<=1800,"OK","한도초과") -> OK | E12: =IF('1.케이스별_배분'!I12<=1800,"OK","한도초과") -> OK | F12: =IF('1.케이스별_배분'!K12<=2000,"OK","한도초과") -> OK | G12: =IF('1.케이스별_배분'!O12<=900,"OK","한도초과") -> OK | H12: =IF(MIN('1.케이스별_배분'!I12,600)<=600,"OK","한도초과") -> OK | I12: =IF(COUNTIF(C12:H12,"OK")=6,"통과","검토 필요") -> 통과
A13: ='1.케이스별_배분'!A13 -> 9 | B13: ='1.케이스별_배분'!B13 -> 무주택 청약 대기 | C13: =IF('1.케이스별_배분'!N13='1.케이스별_배분'!F13,"OK","불일치") -> OK | D13: =IF('1.케이스별_배분'!I13+'1.케이스별_배분'!J13<=1800,"OK","한도초과") -> OK | E13: =IF('1.케이스별_배분'!I13<=1800,"OK","한도초과") -> OK | F13: =IF('1.케이스별_배분'!K13<=2000,"OK","한도초과") -> OK | G13: =IF('1.케이스별_배분'!O13<=900,"OK","한도초과") -> OK | H13: =IF(MIN('1.케이스별_배분'!I13,600)<=600,"OK","한도초과") -> OK | I13: =IF(COUNTIF(C13:H13,"OK")=6,"통과","검토 필요") -> 통과
A14: ='1.케이스별_배분'!A14 -> 10 | B14: ='1.케이스별_배분'!B14 -> 해외주식 직접투자 | C14: =IF('1.케이스별_배분'!N14='1.케이스별_배분'!F14,"OK","불일치") -> OK | D14: =IF('1.케이스별_배분'!I14+'1.케이스별_배분'!J14<=1800,"OK","한도초과") -> OK | E14: =IF('1.케이스별_배분'!I14<=1800,"OK","한도초과") -> OK | F14: =IF('1.케이스별_배분'!K14<=2000,"OK","한도초과") -> OK | G14: =IF('1.케이스별_배분'!O14<=900,"OK","한도초과") -> OK | H14: =IF(MIN('1.케이스별_배분'!I14,600)<=600,"OK","한도초과") -> OK | I14: =IF(COUNTIF(C14:H14,"OK")=6,"통과","검토 필요") -> 통과
A15: ='1.케이스별_배분'!A15 -> 11 | B15: ='1.케이스별_배분'!B15 -> 미성년 자녀 명의 | C15: =IF('1.케이스별_배분'!N15='1.케이스별_배분'!F15,"OK","불일치") -> OK | D15: =IF('1.케이스별_배분'!I15+'1.케이스별_배분'!J15<=1800,"OK","한도초과") -> OK | E15: =IF('1.케이스별_배분'!I15<=1800,"OK","한도초과") -> OK | F15: =IF('1.케이스별_배분'!K15<=2000,"OK","한도초과") -> OK | G15: =IF('1.케이스별_배분'!O15<=900,"OK","한도초과") -> OK | H15: =IF(MIN('1.케이스별_배분'!I15,600)<=600,"OK","한도초과") -> OK | I15: =IF(COUNTIF(C15:H15,"OK")=6,"통과","검토 필요") -> 통과
A16: ='1.케이스별_배분'!A16 -> 12 | B16: ='1.케이스별_배분'!B16 -> 공제율 경계선 | C16: =IF('1.케이스별_배분'!N16='1.케이스별_배분'!F16,"OK","불일치") -> OK | D16: =IF('1.케이스별_배분'!I16+'1.케이스별_배분'!J16<=1800,"OK","한도초과") -> OK | E16: =IF('1.케이스별_배분'!I16<=1800,"OK","한도초과") -> OK | F16: =IF('1.케이스별_배분'!K16<=2000,"OK","한도초과") -> OK | G16: =IF('1.케이스별_배분'!O16<=900,"OK","한도초과") -> OK | H16: =IF(MIN('1.케이스별_배분'!I16,600)<=600,"OK","한도초과") -> OK | I16: =IF(COUNTIF(C16:H16,"OK")=6,"통과","검토 필요") -> 통과
... A18: ='1.케이스별_배분'!A18 -> 14 | B18: ='1.케이스별_배분'!B18 -> 퇴직금 수령 예정 | C18: =IF('1.케이스별_배분'!N18='1.케이스별_배분'!F18,"OK","불일치") -> OK | D18: =IF('1.케이스별_배분'!I18+'1.케이스별_배분'!J18<=1800,"OK","한도초과") -> OK | E18: =IF('1.케이스별_배분'!I18<=1800,"OK","한도초과") -> OK | F18: =IF('1.케이스별_배분'!K18<=2000,"OK","한도초과") -> OK | G18: =IF('1.케이스별_배분'!O18<=900,"OK","한도초과") -> OK | H18: =IF(MIN('1.케이스별_배분'!I18,600)<=600,"OK","한도초과") -> OK | I18: =IF(COUNTIF(C18:H18,"OK")=6,"통과","검토 필요") -> 통과
B20: 전체 판정 | I20: =IF(COUNTIF(I5:I18,"통과")=14,"전체 통과","오류 있음") -> 전체 통과
A23: ■ 초안 대비 수정된 항목 (검증 과정에서 발견)
A24: 대상 | B24: 수정 내용 | C24: 사유
A25: 케이스 8 (프리랜서) | B25: 노란우산 300만 → 400만 | C25: 사업소득 4,000만~1억 구간 소득공제 한도가 2025년부터 300만→400만으로 상향됨. ISA를 1,700만으로 조정.
A26: 케이스 2 (초단기 목돈) | B26: 연금저축 300만을 조건부로 명시 | C26: '연금계좌 금지'라는 설명과 300만 배정이 모순이었음. 주택자금과 분리된 노후 전용 자금에 한정하고, 여력 전액이 주택자금이면 0으로 둘 것을 명시.
A27: 케이스 4 (결정세액 부족) | B27: 실효 상한 220만 병기 | C27: 결정세액 36.7만 ÷ 16.5% = 약 222만이 실제 상한. 표의 200만은 안전마진을 둔 값임을 명시.
A28: 케이스 9 (무주택 청약) | B28: IRP 0을 조건부로 명시 | C28: 당첨 시기가 5년 이상 남았다면 ISA 300만을 줄이고 IRP 300만을 넣는 편이 환급 49.5만만큼 유리함을 추가.
A29: 케이스 5 (연금 수령 중) | B29: 국민연금/사적연금 분기 명시 | C29: 1,500만 한도는 사적연금만 계산하므로 재원 종류에 따라 배분이 정반대가 됨.
